Keywords - ALL,Source,Exclusions
1619,N-gram,syndicated radio show Keepin
1776,N-gram,Real w/ Al Sharpton
1917,N-gram,John Lewis Voting Rights
1922,N-gram,John Lewis Act
94 crime bill,N-gram,John Lewis VRAA
100 years ago,N-gram,John Lewis Fellowship
100 years earlier,Time,John Lewis Day of Action
100 years later,Time,Martin Luther King Jr Library
100 years since,N-gram,Malcolm X Grassroots Movement
101 years ago,Time,malcolm x blvd
101 years earlier,Time,Emmett till foundation
101 years later,Time,Emmett Till Legacy Foundation
101 years since,Time,R. Lewis Voting Rights
102 years ago,N-gram,real w/ al sharpton
102 years earlier,Time,ella baker center
102 years later,Time,evelyn davis center
102 years since,Time,george jackson academy
103 years ago,Time,malcom x boulevard
103 years earlier,Time,phillis wheatley poetry festival
103 years later,Time,Happening now
103 years since,Time,Join us
104 years ago,Time,Tune in
104 years earlier,Time,George Washington Carver Farm
104 years later,Time,George Washington Carver community farm
104 years since,Time,Harriet Tubman Bicentennial Project
105 years ago,Time,Huey P. Newton Research Center
105 years earlier,Time,James Baldwin Legacy Awards
105 years later,Time,James Byrd Jr. Hate Crimes Prevention Act
105 years since,Time,John F. Kennedy Library Foundation
106 years ago,Time,Good Trouble Quilts
106 years earlier,Time,Legendary Elders Wisdom Awards
106 years later,Time,@CSchwerner
106 years since,Time,Thurgood Marshall Award
107 years ago,Time,(404) 656-1776
107 years earlier,Time,@DylanBurns1776
107 years later,Time,@Swampfox1776_
107 years since,Time,carlsoncon1776
108 years ago,Time,@JimCannon1917
108 years earlier,Time,1922 Utica Ave
108 years later,Time,@Greenwood1922
108 years since,Time,#sgrho1922
109 years ago,Time,Audre Lorde Project
109 years earlier,Time,Benjamin Franklin/Science Leadership Academy
109 years later,Time,Dorothy Irene Height Faculty Award
109 years since,Time,The Gospel of J. Edgar Hoover
110 years ago,Time,Ella Baker School of Organizing
110 years earlier,Time,Ella Baker Center
110 years later,Time,ella baker shaker
110 years since,Time,Ella Baker School of Community Organizing
111 years ago,Time,ella baker award
111 years earlier,Time,Emancipation Park
111 years later,Time,Emmett Louis Till Victims Recovery Program
111 years since,Time,@EmmettTill Legacy Foundation
112 years ago,Time,Evelyn K Davis Park
112 years earlier,Time,Fannie Lou Hamer Community Land Trust building
112 years later,Time,Fannie Lou Hamer Institute
112 years since,Time,Fred Hampton Award
113 years ago,Time,Frederick Douglass Centennial Gala
113 years earlier,Time,Frederick Douglass Book Prize Finalists
113 years later,Time,Frederick Douglass Gala
113 years since,Time,Frederick Douglass Dinner
114 years ago,Time,Frederick Douglass Medallion
114 years earlier,Time,#FreedomRide2021
114 years later,Time,Sojourner Truth Legacy Project
114 years since,Time,Zora Neale Hurston Award
115 years ago,Time,IPOT1776
115 years earlier,Time,@USRevolt177
115 years later,Time,Thurgood Marshall Center
115 years since,Time,@rememberslavery
116 years ago,Time,Paul Robeson House
116 years earlier,Time,Octavius Catto Fellowship
116 years later,Time,@OfficialMLK3
116 years since,Time,#MLKOxnard
117 years ago,Time,MLK Jr. Ave.
117 years earlier,Time,#ReclaimMLK
117 years later,Time,#NoBezosAtMLK
117 years since,Time,MLK Day Parade
118 years ago,Time,#NANMLKDay21
118 years earlier,Time,#NANMLKAwards21
118 years later,Time,#MLKPark
118 years since,Time,Martin Luther King Jr. Blvd
119 years ago,Time,Martin Luther King Jr. Recreation Center
119 years earlier,Time,Dr. Martin Luther King Jr. Community Service Award
119 years later,Time,Maroon Movement
119 years since,Time,Malcolm X Jazz Arts Festival
120 years ago,Time,Malcolm X Park
120 years earlier,Time,Malcolm X Boulevard
120 years later,Time,Malcolm X Day festival
120 years since,Time,Malcolm X Center for Self Determination
121 years ago,Time,#DononLynch
121 years earlier,Time,#AntiLynchingBill
121 years later,Time,#DonovonLynch
121 years since,Time,#EmmettTill Legacy Family
122 years ago,Time,Al Sharpton
122 years earlier,Time,Angela Davis
122 years later,Time,Bill Cosby
122 years since,Time,Colin Powell
123 years ago,Time,Eyes on the Prize
123 years earlier,Time,Congressional Black Caucus
123 years later,Time,
123 years since,Time,
124 years ago,Time,
124 years earlier,Time,
124 years later,Time,
124 years since,Time,
125 years ago,Time,
125 years earlier,Time,
125 years later,Time,
125 years since,Time,
146th virtual birthday celebration,N-gram,
15th Amendment,Archives.org,
1921 Tulsa massacre,N-gram,
1964 civil rights act,N-gram,
1965 voting rights act,N-gram,
1967 detroit riots,NAACP,
1992 Los Angeles riots,Wikipedia,
25 years ago,N-gram,
25 years earlier,Time,
25 years later,Time,
25 years since,Time,
26 years ago,Time,
26 years earlier,Time,
26 years later,Time,
26 years since,Time,
27 years ago,Time,
27 years earlier,Time,
27 years later,Time,
27 years since,Time,
28 years ago,Time,
28 years earlier,Time,
28 years later,Time,
28 years since,Time,
29 years ago,Time,
29 years earlier,Time,
29 years later,Time,
29 years since,Time,
30 years ago,N-gram,
30 years earlier,Time,
30 years later,Time,
30 years since,Time,
31 years ago,Time,
31 years earlier,Time,
31 years later,Time,
31 years since,Time,
32 years ago,Time,
32 years earlier,Time,
32 years later,Time,
32 years since,Time,
33 years ago,Time,
33 years earlier,Time,
33 years later,Time,
33 years since,Time,
34 years ago,Time,
34 years earlier,Time,
34 years later,Time,
34 years since,Time,
35 years ago,N-gram,
35 years ago,Time,
35 years earlier,Time,
35 years later,Time,
35 years since,Time,
36 years ago,Time,
36 years earlier,Time,
36 years later,Time,
36 years since,Time,
37 years ago,Time,
37 years earlier,Time,
37 years later,Time,
37 years since,Time,
38 years ago,Time,
38 years earlier,Time,
38 years later,Time,
38 years since,Time,
39 years ago,Time,
39 years earlier,Time,
39 years later,Time,
39 years since,Time,
40 years ago,N-gram,
40 years earlier,Time,
40 years later,Time,
40 years since,Time,
400 years,N-gram,
400+ years,N-gram,
41 years ago,Time,
41 years earlier,Time,
41 years later,Time,
41 years since,Time,
42 years ago,Time,
42 years earlier,Time,
42 years later,Time,
42 years since,Time,
43 years ago,Time,
43 years earlier,Time,
43 years later,Time,
43 years since,Time,
44 years ago,Time,
44 years earlier,Time,
44 years later,Time,
44 years since,Time,
45 years ago,Time,
45 years earlier,Time,
45 years later,Time,
45 years since,Time,
46 years ago,Time,
46 years earlier,Time,
46 years later,Time,
46 years since,Time,
47 years ago,Time,
47 years earlier,Time,
47 years later,Time,
47 years since,Time,
48 years ago,Time,
48 years earlier,Time,
48 years later,Time,
48 years since,Time,
49 years ago,Time,
49 years earlier,Time,
49 years later,Time,
49 years since,Time,
50 years ago,N-gram,
50 years earlier,Time,
50 years later,N-gram,
50 years since,N-gram,
51 years ago,N-gram,
51 years earlier,Time,
51 years later,Time,
51 years since,Time,
52 years ago,Time,
52 years earlier,Time,
52 years later,Time,
52 years since,Time,
53 years ago,N-gram,
53 years earlier,Time,
53 years later,Time,
53 years since,Time,
54 years ago,Time,
54 years earlier,Time,
54 years later,Time,
54 years since,Time,
55 years ago,N-gram,
55 years earlier,Time,
55 years later,Time,
55 years since,Time,
56 years ago,N-gram,
56 years earlier,Time,
56 years later,Time,
56 years since,Time,
57 years ago,N-gram,
57 years earlier,Time,
57 years later,Time,
57 years since,Time,
58 years ago,N-gram,
58 years earlier,Time,
58 years later,Time,
58 years since,Time,
59 years ago,Time,
59 years earlier,Time,
59 years later,Time,
59 years since,Time,
60 years ago,N-gram,
60 years earlier,Time,
60 years later,Time,
60 years since,N-gram,
61 years ago,Time,
61 years earlier,Time,
61 years later,Time,
61 years since,Time,
62 years ago,Time,
62 years earlier,Time,
62 years later,Time,
62 years since,Time,
63 years ago,Time,
63 years earlier,Time,
63 years later,Time,
63 years since,Time,
64 years ago,Time,
64 years earlier,Time,
64 years later,Time,
64 years since,Time,
65 years ago,N-gram,
65 years earlier,Time,
65 years later,Time,
65 years since,Time,
66 years ago,Time,
66 years earlier,Time,
66 years later,Time,
66 years since,Time,
67 years ago,N-gram,
67 years earlier,Time,
67 years later,Time,
67 years since,Time,
68 years ago,Time,
68 years earlier,Time,
68 years later,Time,
68 years since,Time,
69 years ago,Time,
69 years earlier,Time,
69 years later,Time,
69 years since,Time,
70 years ago,Time,
70 years earlier,Time,
70 years later,Time,
70 years since,Time,
71 years ago,Time,
71 years earlier,Time,
71 years later,Time,
71 years since,Time,
72 years ago,Time,
72 years earlier,Time,
72 years later,Time,
72 years since,Time,
73 years ago,Time,
73 years earlier,Time,
73 years later,Time,
73 years since,Time,
74 years ago,Time,
74 years earlier,Time,
74 years later,Time,
74 years since,Time,
75 years ago,Time,
75 years earlier,Time,
75 years later,Time,
75 years since,Time,
76 years ago,Time,
76 years earlier,Time,
76 years later,Time,
76 years since,Time,
77 years ago,Time,
77 years earlier,Time,
77 years later,Time,
77 years since,Time,
78 years ago,Time,
78 years earlier,Time,
78 years later,Time,
78 years since,Time,
79 years ago,Time,
79 years earlier,Time,
79 years later,Time,
79 years since,Time,
80 years ago,Time,
80 years earlier,Time,
80 years later,Time,
80 years since,Time,
81 years ago,Time,
81 years earlier,Time,
81 years later,Time,
81 years since,Time,
82 years ago,Time,
82 years earlier,Time,
82 years later,Time,
82 years since,Time,
83 years ago,Time,
83 years earlier,Time,
83 years later,Time,
83 years since,Time,
84 years ago,Time,
84 years earlier,Time,
84 years later,Time,
84 years since,Time,
85 years ago,Time,
85 years earlier,Time,
85 years later,Time,
85 years since,Time,
86 years ago,Time,
86 years earlier,Time,
86 years later,Time,
86 years since,Time,
87 years ago,Time,
87 years earlier,Time,
87 years later,Time,
87 years since,Time,
88 years ago,Time,
88 years earlier,Time,
88 years later,Time,
88 years since,Time,
89 years ago,Time,
89 years earlier,Time,
89 years later,Time,
89 years since,Time,
90 years ago,Time,
90 years earlier,Time,
90 years later,Time,
90 years since,Time,
91 years ago,Time,
91 years earlier,Time,
91 years later,Time,
91 years since,Time,
92 years ago,Time,
92 years earlier,Time,
92 years later,Time,
92 years since,Time,
93 years ago,Time,
93 years earlier,Time,
93 years later,Time,
93 years since,Time,
94 years ago,Time,
94 years earlier,Time,
94 years later,Time,
94 years since,Time,
95 years ago,Time,
95 years earlier,Time,
95 years later,Time,
95 years since,Time,
96 years ago,Time,
96 years earlier,Time,
96 years later,Time,
96 years since,Time,
97 years ago,Time,
97 years earlier,Time,
97 years later,Time,
97 years since,Time,
98 years ago,Time,
98 years earlier,Time,
98 years later,Time,
98 years since,Time,
99 years ago,Time,
99 years earlier,Time,
99 years later,Time,
99 years since,Time,
Philip Randolph,Wikipedia,
Aaron Henry,Wikipedia,
Abel Meeropol,Wikipedia,
Ableman v. Booth,Wikipedia,
Abraham Lincoln,Wikipedia,
Abram Smith,Wikipedia,
Absalom Jones,Wikipedia,
Act Prohibiting Importation of Slaves,Wikipedia,
Act Prohibiting the Return of Slaves,Wikipedia,
Adam Clayton Powell Jr.,Wikipedia,
Africa Squadron,Wikipedia,
African Methodist Episcopal Zion Church,Wikipedia,
Al Raby,Wikipedia,
Alabama Christian Movement for Human Rights,N-gram,
Alain Locke,Wikipedia,
Albany Movement,Wikipedia,
Alexander Looby,Wikipedia,
Alexander v. Holmes County Board of Education,Wikipedia,
Alice Walker,Wikipedia,
American Anti-Slavery Society,Wikipedia,
American Colonization Society,Wikipedia,
American Negro Labor Congress,Wikipedia,
American revolution,Wikipedia,
Amiri Baraka,JFK Library,
amos c. brown,N-gram,
Amzie Moore,Wikipedia,
Andrew Bryan,Wikipedia,
Andrew J. Young,Wikipedia,
Andrew Johnson,Wikipedia,
Andrew Young,Wikipedia,
Antebellum,Wikipedia,
Anti-Drug Abuse Act of 1986,Wikipedia,
Arthur Tappan,Wikipedia,
assata shakur,N-gram,
Attica Prison uprising,N-gram,
audre lorde,N-gram,
Augustus F. Hawkins,Wikipedia,
Autherine Lucy,Wikipedia,
Bacon’s rebellion,Wikipedia,
Battle of Fort Pillow,Wikipedia,
Battle of Liberty Place,Wikipedia,
bayard rustin,N-gram,
Bear River Massacre,UCSC,
bell hooks,N-gram,
Benjamin Banneker,Wikipedia,
Benjamin Butler,Wikipedia,
Benjamin Franklin,Wikipedia,
Benjamin Mays,Wikipedia,
Benjamin O. Davis Sr.,Wikipedia,
Benjamin Oliver Davis Sr.,Wikipedia,
Bernice Fisher,Wikipedia,
Berry Gordy,Wikipedia,
Bertha Gober,Wikipedia,
Bessie coleman,Wikipedia,
Beyond Vietnam,Wikipedia,
billie holiday,N-gram,
Black Codes,Wikipedia,
black freedom fighters,N-gram,
black history,N-gram,
black liberation army,N-gram,
black panther,N-gram,
Black power movement,Wikipedia,
Black Union Soldiers,EJI,
black wall street,N-gram,
Bloody Sunday,Wikipedia,
bob marley,N-gram,
bob moses,N-gram,
Bobby marshall,Wikipedia,
Bobby Seale,Wikipedia,
Bolling v. Sharpe,Wikipedia,
Bombing of MOVE house,Wikipedia,
booker t. washington,N-gram,
Boston massacre,Wikipedia,
Boynton v. Virgina,Wikipedia,
Briggs v. Elliott,Wikipedia,
Brotherhood of Sleeping Car Porters,Wikipedia,
Browder v. Gayle,Wikipedia,
brown v. board,N-gram,
Brownsville Affair,Wikipedia,
Buchanan v. Warley,Wikipedia,
buffalo calf road woman,N-gram,
Buffalo soldiers,Wikipedia,
bus boycott,N-gram,
Call to Rebellion,Wikipedia,
Carol Moseley Braun,Wikipedia,
carolina maria de jesus,N-gram,
carolyn bryant,N-gram,
carolyn bryant donham,N-gram,
carter g. woodson,N-gram,
Carter Woodson,Wikipedia,
Cato's rebellion,UCSC,
Chambers v. Florida,Wikipedia,
Charles Deslondes,UCSC,
Charles Diggs,Wikipedia,
Charles Hamilton Houston,Wikipedia,
Charles Jones,Wikipedia,
Charles Sherrod,Wikipedia,
Chicago Open Housing Movement,Wikipedia,
Chuck Cooper,Wikipedia,
civil rights act,N-gram,
Civil Rights Congress,Wikipedia,
civil rights hero,N-gram,
civil rights leader,N-gram,
civil rights legend,N-gram,
civil rights movement,N-gram,
civil rights pioneer,N-gram,
Civil Rights Restoration Act of 1988,Wikipedia,
Civil War,NAACP,
Clara Luper,Wikipedia,
Claude McKay,Wikipedia,
Claudette Colvin,Wikipedia,
"Clotel; or, the president’s daughter",Wikipedia,
COINTELPRO,Wikipedia,
Colfax massacre,Wikipedia,
Combahee River Collective,Wikipedia,
combahee river collective statement,N-gram,
COMINFIL,Wikipedia,
Commerce Clause,Wikipedia,
Compromise of 1850,Wikipedia,
Compromise of 1877,Wikipedia,
Confederate Army,Wikipedia,
Confiscation Act of 1861,Wikipedia,
Confiscation Act of 1862,Wikipedia,
Congress of Racial Equality,Wikipedia,
Connecticut’s Gradual Emancipation Act of 1784,UCSC,
constance baker motley,N-gram,
constance motley,n-gram,
Cooper v. Aaron,Wikipedia,
Cordell Reagon,Wikipedia,
coretta scott king,N-gram,
Corrigan v. Buckley,Wikipedia,
Cotton States and International Exposition,Wikipedia,
Countee Cullen,Wikipedia,
Coushatta Massacre,Wikipedia,
Crispus Attucks,Wikipedia,
David Hunter,Wikipedia,
David Walker,Wikipedia,
Denmark Vesey,Wikipedia,
Detroit race riot,Wikipedia,
Diahann Carroll,Wikipedia,
Diane Nash,Wikipedia,
Dockum Drug Store,Wikipedia,
dorothy height,N-gram,
dorothy irene height,N-gram,
Douglas Wilder,Wikipedia,
Dr. King,N-gram,
Draft Riots,UCSC,
Dred Scott v. Sandford,Wikipedia,
Dred Scott v. Sanford,NAACP,
du bois,N-gram,
Dwight D. Eisenhower,Wikipedia,
Dwight Eisenhower,Wikipedia,
E.D. Nixon,UCSC,
Earl Lloyd,Wikipedia,
East St. Louis Riot,Wikipedia,
Edgar Hoover,Wikipedia,
Edgar Ray Killen,Wikipedia,
Edward Brooke,Wikipedia,
Elaine Brown,JFK Library,
Elaine race riot,Wikipedia,
Elijah McCoy,Wikipedia,
Elijah Muhammad,Wikipedia,
Elizabeth Freeman,Wikipedia,
Elizabeth Keckly,Wikipedia,
ella baker,N-gram,
Emancipation,EJI,
emmett louis till,N-gram,
Emmett Till,N-gram,
Enforcement Acts,Wikipedia,
enslaved,N-gram,
Equal Employment Opportunity Commission,Wikipedia,
evelyn k davis,N-gram,
Executive Order 10925,Wikipedia,
Executive Order 11246,Wikipedia,
Executive Order 9981,Wikipedia,
Faith Ringgold,EJI,
Fancy trade,UCSC,
fannie hamer,N-gram,
fannie lou hamer,N-gram,
Father Divine,Wikipedia,
Fellowship of Reconciliation,Wikipedia,
Felton Turner,Wikipedia,
Fifteenth amendment,Wikipedia,
First African Baptist Church,Wikipedia,
First continental congress,Wikipedia,
Fourteenth Amendment,Archives.org,
Frankie Muse Freeman,Wikipedia,
Franklin Piece,Wikipedia,
Franklin Roosevelt,Wikipedia,
fred d. gray,N-gram,
fred gray,N-gram,
fred hampton,N-gram,
Fred Shuttlesworth,Wikipedia,
frederick douglass,N-gram,
Freedman’s Bureau,Wikipedia,
Freedom ride,N-gram,
Freedom rider,N-gram,
Freeman Field Mutany,Wikipedia,
Fremont Emancipation,Wikipedia,
Fritz pollard,Wikipedia,
Fugitive Slave Act,NAACP,
Furman v. Georgia,N-gram,
Gabriel Prosser,Wikipedia,
Garrett morgan,Wikipedia,
George Houser,Wikipedia,
george jackson,N-gram,
George W. Lee,Wikipedia,
George Wallace,Wikipedia,
George Washington Carver,Wikipedia,
Ghetto Informant Program,Wikipedia,
Gracia Real de Santa Teresa de Mose,Wikipedia,
Grandfather clauses,Wikipedia,
Great Migration,Wikipedia,
Greensboro sit-ins,Wikipedia,
Guinn v. United States,Wikipedia,
Guion Bluford,Wikipedia,
Hamburg massacre,Wikipedia,
Harlem Globetrotters,Wikipedia,
Harlem renaissance,JFK Library,
Harriet Beecher Stowe,Wikipedia,
Harriet E. Wilson,Wikipedia,
Harriet Tubman,NAACP,
Harry and Harriette Moore,Wikipedia,
harry belafonte,N-gram,
Harry F. Byrd,Wikipedia,
Harry S. Truman,Wikipedia,
Harry T. and Hariette Moore,Wikipedia,
Hattie McDaniel,Wikipedia,
Heart of Atlanta Motel v. United States,Wikipedia,
Henderson v. United States,Wikipedia,
Henrieta Hunt,UCSC,
Henry Highland Garnet,Wikipedia,
Henry Louis Gates Jr.,Wikipedia,
Herbert Lee,Wikipedia,
Herman Talmadge,Wikipedia,
Hernandez v. Texas,Wikipedia,
Hiram Rhodes Revels,Wikipedia,
Hocutt v. Wilson,Wikipedia,
Homer Jack,Wikipedia,
Houston Riot,Wikipedia,
Hubert Delaney,Wikipedia,
Hubert Humphrey,Wikipedia,
huey newton,N-gram,
huey p. newton,N-gram,
Hugh White,Wikipedia,
Hugo Black,Wikipedia,
Hurd v. Hodge,Wikipedia,
ida b. wells,N-gram,
ida b. wells-barnett,N-gram,
ida wells,N-gram,
Interstate Commerce Act,Wikipedia,
Invisible Man,Wikipedia,
Iota Phi Theta,Wikipedia,
Jackie Robinson,Wikipedia,
james baldwin,N-gram,
James Bevel,Wikipedia,
James Byrd Jr.,Wikipedia,
James Cameron,Wikipedia,
James Earl Jones,Wikipedia,
James Farmer,Wikipedia,
James Forman,Wikipedia,
James Hood,Wikipedia,
James lawson,Wikipedia,
James Meredith,Wikipedia,
james nabrit,N-gram,
James Orange,Wikipedia,
James Russell Robinson,Wikipedia,
James Weldon Johnson,Wikipedia,
jamil al amin,N-gram,
jamil al-amin,N-gram,
Jean Toomer,Wikipedia,
Jesse Jackson,UCSC,
Jesse Owens,Wikipedia,
Jessie Daniel Ames,Wikipedia,
Jet magazine,EJI,
jim crow,N-gram,
Jimmie Lee Jackson,N-gram,
Jimmy Wilson,Wikipedia,
Joe Guinn,Wikipedia,
Joe Louis,Wikipedia,
John Berry Meachum,Wikipedia,
John Brown,Wikipedia,
John Carlos,Wikipedia,
John F. Kennedy,Wikipedia,
John Hope,Wikipedia,
John Hope Franklin,Wikipedia,
john lewis,N-gram,
John Mason Peck,Wikipedia,
John Mercer Langston,Wikipedia,
John Punch,Wikipedia,
John Thomas Porter,Wikipedia,
johnnetta b. cole,N-gram,
johnnetta betsch cole,N-gram,
johnnetta cole,N-gram,
Jon Casor,Wikipedia,
Joseph Jenkins Roberts,Wikipedia,
Josiah Henson,Wikipedia,
Journey or Reconciliation,Wikipedia,
Judy W. Reed,Wikipedia,
Julian Bond,Wikipedia,
juneteenth,N-gram,
Jupiter Hammon,Wikipedia,
kamau sadiki,N-gram,
freddie hilton,Wikipedia,
Kansas-Nebraska Act,Wikipedia,
Kidnapped Africans,UCSC,
KKK,Wikipedia,
Klan Act,Wikipedia,
Knights of Columbus,Wikipedia,
ku klux klan,N-gram,
kuwasi balagoon,N-gram,
La Amistad,Wikipedia,
Lamar Smith,Wikipedia,
Leadership Conference on Civil Rights,Wikipedia,
League of Struggle of Negro Rights,Wikipedia,
legendary elders,N-gram,
Lena Horne,Wikipedia,
LeRoy Collins,Wikipedia,
Leroy Johnson,Wikipedia,
Lester Maddox,EJI,
Lewis Latimer,Wikipedia,
liberation army,N-gram,
Liberty Party,Wikipedia,
Abraham Lincoln,NAACP,
Lindsay Almond,Wikipedia,
Little Rock Central High,N-gram,
little rock nine,N-gram,
Lorraine Hansberry,Wikipedia,
Louis Farrakhan,Wikipedia,
Loving v. Virginia,Wikipedia,
Luther Holbert,UCSC,
lynch,N-gram,
lynching,NAACP,
lyndon b. johnson,N-gram,
lyndon johnson,N-gram,
Mack Charles parker,Wikipedia,
Mae Carol Jemison,Wikipedia,
Malcolm X,N-gram,
March Against Fear,Wikipedia,
March on Washington,EJI,
Marcus Garvey,Wikipedia,
Marian Anderson,Wikipedia,
maroon,N-gram,
marsha johnson,N-gram,
marsha p. johnson,N-gram,
"Marshall ""Eddie"" Conway",Wikipedia,
Martin Luther King,N-gram,
Martinsville Seven,Wikipedia,
mary mcleod bethune,N-gram,
Mary Turner,Wikipedia,
Mary White Ovington,Wikipedia,
Massive Resistance,Wikipedia,
maya angelou,N-gram,
McLaurin v. Oklahoma State Regents,Wikipedia,
Medgar Evers,Wikipedia,
memphis massacre,JFK Library,
Message to the Grass Roots,Wikipedia,
Middle Passage,EJI,
Miller v. Johnson,Wikipedia,
Milliken v. Bradley,Wikipedia,
Million Man March,Wikipedia,
Million Woman March,Wikipedia,
Mississippi Plan,Wikipedia,
Missouri Compromise,Wikipedia,
Missouri ex rel. Gaines v. Canada,Wikipedia,
Mitchell Daniel,EJI,
Mitchell v US,Wikipedia,
MLK,N-gram,
montgomery bus boycott,N-gram,
Moore v. Dempsey,Wikipedia,
Morgan v. Virginia,Wikipedia,
MOVE house bombing,Wikipedia,
mumia abu-jamal,N-gram,
Murray v. Pearson,Wikipedia,
mutulu shakur,N-gram,
Myrlie Evers-Williams,Pilot,
NAACP v. Alabama,Wikipedia,
NAACP Youth Council,Wikipedia,
Nashville sit-ins,Wikipedia,
Nashville Student Movement,Wikipedia,
Nat King Cole,Wikipedia,
Nat Turner,Wikipedia,
Nathaniel Clifton,Wikipedia,
Nation of Islam?,Wikipedia,
Negro Act of 1740,EJI,
Nelson H. Smith,Wikipedia,
nelson mandela,N-gram,
New orleans riot,Wikipedia,
New York Draft Riots,Wikipedia,
Niagara movement,Wikipedia,
Nichelle Nichols,Wikipedia,
nina simone,N-gram,
Norris Wright Cuney,Wikipedia,
North Star,Wikipedia,
Not more than forty acres,Wikipedia,
Octavius Catto,Wikipedia,
oliver wendall holmes,N-gram,
Omaha race riot,Wikipedia,
Oneal Moore,Wikipedia,
Orangeburg massacre,Wikipedia,
Oscar Micheaux,Pilot,
P.B.S. Pinchback,Wikipedia,
panther 21 trial,N-gram,
panther party,N-gram,
Paul Cuffe,Wikipedia,
paul robeson,N-gram,
Pennsylvania abolition society,Wikipedia,
Phife,N-gram,
Phife Dawg,N-gram,
Philadelphia Plan,Wikipedia,
Philadelphia Student School Board Demonstration,Wikipedia,
Philadelphia transit strike,Wikipedia,
phillis wheatley,N-gram,
Plessy v. Ferguson,Archives.org,
Poor People's Campaign,Wikipedia,
Port Chicago disaster,Wikipedia,
Pottawatomie massacre,Wikipedia,
Prayer Pilgrimage for Freedom,Wikipedia,
President Johnson,other,
Prigg v. Pennsylvania,Wikipedia,
Quock Walker,Wikipedia,
Racial terror,UCSC,
racist history,N-gram,
Raid at Combahee Ferry,Wikipedia,
Ralph Bunche,Wikipedia,
Ralph Ellison,Wikipedia,
Ray Charles,EJI,
Read’s Drug Store,Wikipedia,
reconstruction,NAACP,
Recy Taylor,Wikipedia,
Red Shirts,Wikipedia,
Red Summer,UCSC,
red summer of 1919,NAACP,
Regents of the University of California v. Bakke,Wikipedia,
Regional Council of Negro Leadership,Wikipedia,
Rev. George Lee,EJI,
Richard  Riker,UCSC,
Richard Allen,Wikipedia,
Richard Nixon,Wikipedia,
Richard Wright,Wikipedia,
Richmond 34,Wikipedia,
robert  lee,N-gram,
robert e. lee,N-gram,
Robert F. Kennedy,Wikipedia,
Robert Finley,Wikipedia,
Robert Gould Shaw,Wikipedia,
Robert Grier Sr.,Wikipedia,
Robert Parris Moses,,
Roberts v. Boston,Wikipedia,
Rodney King,Wikipedia,
Roman Duckworth,Wikipedia,
Ron Brown,Wikipedia,
Roots: The Saga of an American Family,Wikipedia,
rosa parks,N-gram,
Rosewood massacre,Wikipedia,
ROY WILKINS,Wikipedia,
Ruby Bridges,Wikipedia,
Ruby Sales,UCSC,
russell maroon shoatz,N-gram,
ruth wilson gilmore,N-gram,
Sacking of Lawrence,Wikipedia,
Salsa Soul Sisters,Wikipedia,
Samuel Wilbert Tucker,Wikipedia,
Sarah E. Goode,Wikipedia,
Sarah Harris Fayerweather,Wikipedia,
Sarah Keys,Wikipedia,
Schwerner,Wikipedia,
Scottsboro Boys,Wikipedia,
Second Battle of Fort Wagner,Wikipedia,
Selma to Montgomery march,Wikipedia,
Senator Hiram Revels,UCSC,
Shelley v.  Kraemer,Wikipedia,
shirley chisholm,N-gram,
Shockoe Hill African Burying Ground,Wikipedia,
Sidney Poitier,Wikipedia,
Silas,N-gram,
Silas Ester,N-gram,
Sipuel v. Board of Regents of Univ. of Okla.,Wikipedia,
slave,N-gram,
slavery,N-gram,
Smith v. Allright,Wikipedia,
sojourner truth,N-gram,
Southern homestead act of 1866,Wikipedia,
Southern Manifesto,Wikipedia,
Southern Negro Youth Congress,Wikipedia,
Springfield race riot,Wikipedia,
Stanley Levison,Wikipedia,
Stevie Wonder,EJI,
Stokely Carmichael,N-gram,
Stono rebellion,Wikipedia,
Stormy weather,Wikipedia,
Strauder v. West Verginia,Wikipedia,
Swann v. Charlotte-Mecklenburg Board of Education,Wikipedia,
Sweatt v. Painter,Wikipedia,
T. R. M. Howard,Wikipedia,
The Amistad,Wikipedia,
The Chicago Open Housing Movement,Wikipedia,
The Color Purple,Wikipedia,
The Fair Housing Act,Wikipedia,
The Mississippi Freedom Democratic Party,Wikipedia,
Third Enforcement Act,Wikipedia,
Thirteen colonies,Wikipedia,
Thirteenth amendment,UCSC,
Thomas Brown,UCSC,
thomas dortch jr.,N-gram,
Thomas Jefferson,Wikipedia,
Thomas Shipp,Wikipedia,
thurgood marshall,N-gram,
Tommie Smith,Wikipedia,
toni morrison,N-gram,
tulsa greenwood race massacre,N-gram,
tulsa massacre,N-gram,
tulsa race massacre,N-gram,
Tulsa race riot,Wikipedia,
Tuskegee Study,Wikipedia,
UNC Food Worker Strike,Wikipedia,
Uncle Tom’s Cabin,Wikipedia,
Underground Railroad,Wikipedia,
United Citizens Party,Wikipedia,
United Negro College Fund,Wikipedia,
United Steelworkers of America v. Weber,Wikipedia,
Vernon Dahmer,Wikipedia,
Viola Liuzzo,Wikipedia,
Viola pettus,Wikipedia,
Vivian Malone,Wikipedia,
voting rights act,N-gram,
W. G. Anderson,Wikipedia,
Walker’s Appeal,Wikipedia,
Wallace Fard,Wikipedia,
Walter Francis White,Wikipedia,
watts riots,JFK Library,
We Charge enocide,Wikipedia,
Webster–Ashburton Treaty,Wikipedia,
White Citizens’ Council,Wikipedia,
White League,Wikipedia,
Whites riot,Wikipedia,
WHITNEY M. YOUNG JR.,Wikipedia,
Whitney Young,Wikipedia,
William Lloyd Garrison,Wikipedia,
William Robert Ming,Wikipedia,
William Saunders Crowdy,Wikipedia,
William Shatner,Wikipedia,
William Tucker,NAACP,
Williams v. Mississippi,Wikipedia,
Willie O’Ree,Wikipedia,
Wilmington coup,Wikipedia,
Wilmington insurrection,Wikipedia,
Wilmington massacre,Wikipedia,
Woodrow Wilson,Wikipedia,
Wyatt tee Walker,Wikipedia,
x freedom fighters dc,N-gram,
zapatista uprising,N-gram,
Zipporah Potter Atkins,Wikipedia,
zora neale hurston,N-gram,
tulsa commemoration,Other,
on this day in,EJI,
#OTD,EJI,
Robert Parris Moses,N-gram,
Bob Parris Moses,N-gram,
#OnThisDay,Time,
on this day on,Time,
today marks,Time,